REGION,DIVISION,STATEFP,STATENS,GEOID,STUSPS,NAME,LSAD,MTFCC,FUNCSTAT,ALAND,AWATER,INTPTLAT,INTPTLON,confirmed_count,death_count,2020-01-21,2020-01-24,2020-01-26,2020-01-30,2020-01-31,2020-02-01,2020-02-02,2020-02-05,2020-02-10,2020-02-12,2020-02-13,2020-02-18,2020-02-20,2020-02-21,2020-02-24,2020-02-25,2020-02-26,2020-02-27,2020-02-28,2020-02-29,2020-03-01,2020-03-02,2020-03-03,2020-03-04,2020-03-05,2020-03-06,2020-03-07,2020-03-08,2020-03-09,2020-03-10,2020-03-11,2020-03-12,2020-03-13,2020-03-14,2020-03-15,2020-03-16,2020-03-17,2020-03-18,2020-03-19,2020-03-20,2020-03-21,2020-03-22,2020-03-23,2020-03-24,2020-03-25,2020-03-26,d2020-01-21,d2020-01-24,d2020-01-26,d2020-01-30,d2020-01-31,d2020-02-01,d2020-02-02,d2020-02-05,d2020-02-10,d2020-02-12,d2020-02-13,d2020-02-18,d2020-02-20,d2020-02-21,d2020-02-24,d2020-02-25,d2020-02-26,d2020-02-27,d2020-02-28,d2020-02-29,d2020-03-01,d2020-03-02,d2020-03-03,d2020-03-04,d2020-03-05,d2020-03-06,d2020-03-07,d2020-03-08,d2020-03-09,d2020-03-10,d2020-03-11,d2020-03-12,d2020-03-13,d2020-03-14,d2020-03-15,d2020-03-16,d2020-03-17,d2020-03-18,d2020-03-19,d2020-03-20,d2020-03-21,d2020-03-22,d2020-03-23,d2020-03-24,d2020-03-25,d2020-03-26,population,ObjectId,Shape__Area,Shape__Length,2020-02-06,2020-01-29,2020-02-08,2020-02-09,2020-01-22,2020-01-25,2020-02-19,2020-02-16,2020-01-27,2020-01-23,2020-02-14,2020-01-28,2020-02-04,2020-02-22,2020-02-15,2020-02-11,2020-02-03,2020-02-23,2020-02-17,2020-02-07
3,5,54,1779805,54,WV,West Virginia,0,G4000,A,6.226566E+10,4.898408E+08,38.64729,-80.61832,75,0,0,0,0,0,0,0,0,0,0,0,0,0,0,0,0,0,0,0,0,0,0,0,0,0,0,0,0,0,0,0,0,0,0,0,0,0,1,1,3,3,4,4,6,17,10,26,0,0,0,0,0,0,0,0,0,0,0,0,0,0,0,0,0,0,0,0,0,0,0,0,0,0,0,0,0,0,0,0,0,0,0,0,0,0,0,0,0,0,0,0,0,0,1829054,1,103133825554.715,2245474.7219899,,,,,,,,,,,,,,,,,,,,
3,5,12,294478,12,FL,Florida,0,G4000,A,1.389114E+11,3.13988E+10,28.45743,-82.40915,2483,28,0,0,0,0,0,0,0,0,0,0,0,0,0,0,0,0,0,0,0,0,2,0,2,4,1,2,5,1,1,9,1,19,5,35,44,36,69,92,106,131,197,243,223,243,506,506,0,0,0,0,0,0,0,0,0,0,0,0,0,0,0,0,0,0,0,0,0,0,0,0,1,1,0,0,0,0,0,0,1,1,2,1,1,1,1,1,2,2,4,3,0,6,20598139,2,221441276455.861,3513375.6982484,,,,,,,,,,,,,,,,,,,,
2,3,17,1779784,17,IL,Illinois,0,G4000,A,1.437841E+11,6.211277E+09,40.10287,-89.15261,2542,26,0,1,0,1,0,0,0,0,0,0,0,0,0,0,0,0,0,0,0,1,0,1,0,0,1,1,0,1,4,8,6,7,14,19,26,14,55,112,146,165,169,298,236,253,329,674,0,0,0,0,0,0,0,0,0,0,0,0,0,0,0,0,0,0,0,0,0,0,0,0,0,0,0,0,0,0,0,0,0,0,0,0,1,0,3,1,1,1,5,4,3,7,12821497,3,257355737477.742,2677473.13024487,,,,,,,,,,,,,,,,,,,,
2,4,27,662849,27,MN,Minnesota,0,G4000,A,2.062292E+11,1.894497E+10,46.31581,-94.19966,346,2,0,0,0,0,0,0,0,0,0,0,0,0,0,0,0,0,0,0,0,0,0,0,0,0,0,1,0,1,0,1,2,4,5,7,14,19,6,15,11,29,22,32,66,27,25,59,0,0,0,0,0,0,0,0,0,0,0,0,0,0,0,0,0,0,0,0,0,0,0,0,0,0,0,0,0,0,0,0,0,0,0,0,0,0,0,0,1,0,0,0,0,1,5527358,4,473007499803.473,3876508.97361511,,,,,,,,,,,,,,,,,,,,
3,5,24,1714934,24,MD,Maryland,0,G4000,A,2.51507E+10,6.980371E+09,38.94666,-76.67449,583,4,0,0,0,0,0,0,0,0,0,0,0,0,0,0,0,0,0,0,0,0,0,0,0,0,3,0,0,2,1,3,3,0,7,2,13,8,17,26,22,41,46,54,42,62,74,157,0,0,0,0,0,0,0,0,0,0,0,0,0,0,0,0,0,0,0,0,0,0,0,0,0,0,0,0,0,0,0,0,0,0,0,0,0,1,0,1,1,0,0,1,0,0,6003435,5,53260016690.5938,1688728.32374876,,,,,,,,,,,,,,,,,,,,
1,1,44,1219835,44,RI,Rhode Island,0,G4000,A,2.677998E+09,1.323453E+09,41.59742,-71.52728,165,0,0,0,0,0,0,0,0,0,0,0,0,0,0,0,0,0,0,0,0,0,2,0,0,0,0,1,0,0,0,2,0,0,9,0,0,1,0,0,29,10,12,7,8,0,51,33,0,0,0,0,0,0,0,0,0,0,0,0,0,0,0,0,0,0,0,0,0,0,0,0,0,0,0,0,0,0,0,0,0,0,0,0,0,0,0,0,0,0,0,0,0,0,1056611,6,7106444187.54297,464178.162132376,,,,,,,,,,,,,,,,,,,,
4,8,16,1779783,16,ID,Idaho,0,G4000,A,2.140482E+11,2.393356E+09,44.34842,-114.5589,187,3,0,0,0,0,0,0,0,0,0,0,0,0,0,0,0,0,0,0,0,0,0,0,0,0,0,0,0,0,0,0,0,0,1,4,0,0,4,2,12,12,6,9,27,15,49,46,0,0,0,0,0,0,0,0,0,0,0,0,0,0,0,0,0,0,0,0,0,0,0,0,0,0,0,0,0,0,0,0,0,0,0,0,0,0,0,0,0,0,0,0,0,3,1687809,7,424028504751.711,3850383.557653,,,,,,,,,,,,,,,,,,,,
1,1,33,1779794,33,NH,New Hampshire,0,G4000,A,2.318745E+10,1.028643E+09,43.67269,-71.58431,154,1,0,0,0,0,0,0,0,0,0,0,0,0,0,0,0,0,0,0,0,0,0,1,1,0,0,0,2,0,0,1,0,1,1,0,6,4,9,13,1,11,14,13,23,7,29,17,0,0,0,0,0,0,0,0,0,0,0,0,0,0,0,0,0,0,0,0,0,0,0,0,0,0,0,0,0,0,0,0,0,0,0,0,0,0,0,0,0,0,1,0,0,0,1343622,8,46232149632.3359,1162784.94174044,,,,,,,,,,,,,,,,,,,,
3,5,37,1027616,37,NC,North Carolina,0,G4000,A,1.259197E+11,1.347011E+10,35.53971,-79.13087,766,3,0,0,0,0,0,0,0,0,0,0,0,0,0,0,0,0,0,0,0,0,0,0,1,0,0,1,0,0,5,0,2,7,3,7,7,7,25,28,47,52,90,30,111,98,104,141,0,0,0,0,0,0,0,0,0,0,0,0,0,0,0,0,0,0,0,0,0,0,0,0,0,0,0,0,0,0,0,0,0,0,0,0,0,0,0,0,0,0,0,0,2,1,10155624,9,211350430094.66,2535387.82256429,,,,,,,,,,,,,,,,,,,,
1,1,50,1779802,50,VT,Vermont,0,G4000,A,2.387346E+10,1.031135E+09,44.06048,-72.67332,156,9,0,0,0,0,0,0,0,0,0,0,0,0,0,0,0,0,0,0,0,0,0,0,0,0,0,0,1,0,0,0,1,0,0,3,3,4,0,2,0,5,30,3,23,22,26,33,0,0,0,0,0,0,0,0,0,0,0,0,0,0,0,0,0,0,0,0,0,0,0,0,0,0,0,0,0,0,0,0,0,0,0,0,0,0,2,0,0,0,3,2,1,1,624977,10,48235153472.3828,1125830.79338535,,,,,,,,,,,,,,,,,,,,
1,1,9,1779780,9,CT,Connecticut,0,G4000,A,1.254262E+10,1.815495E+09,41.57986,-72.74666,1012,21,0,0,0,0,0,0,0,0,0,0,0,0,0,0,0,0,0,0,0,0,0,0,0,0,0,0,0,1,0,1,1,2,7,11,3,15,27,29,61,35,30,104,88,203,257,137,0,0,0,0,0,0,0,0,0,0,0,0,0,0,0,0,0,0,0,0,0,0,0,0,0,0,0,0,0,0,0,0,0,0,0,0,0,1,2,1,1,3,2,2,7,2,3581504,11,25687086144.2734,695444.761046217,,,,,,,,,,,,,,,,,,,,
3,5,10,1779781,10,DE,Delaware,0,G4000,A,5.047241E+09,1.39867E+09,38.99862,-75.44169,143,1,0,0,0,0,0,0,0,0,0,0,0,0,0,0,0,0,0,0,0,0,0,0,0,0,0,0,0,0,0,0,1,3,0,2,1,1,8,3,11,9,6,11,32,16,15,24,0,0,0,0,0,0,0,0,0,0,0,0,0,0,0,0,0,0,0,0,0,0,0,0,0,0,0,0,0,0,0,0,0,0,0,0,0,0,0,0,0,0,0,0,0,1,949495,12,10491380523.2617,529326.754973881,,,,,,,,,,,,,,,,,,,,
4,8,35,897535,35,NM,New Mexico,0,G4000,A,3.141914E+11,7.336696E+08,34.43468,-106.1316,136,1,0,0,0,0,0,0,0,0,0,0,0,0,0,0,0,0,0,0,0,0,0,0,0,0,0,0,0,0,0,0,4,2,4,3,4,4,2,5,7,8,14,8,18,17,13,23,0,0,0,0,0,0,0,0,0,0,0,0,0,0,0,0,0,0,0,0,0,0,0,0,0,0,0,0,0,0,0,0,0,0,0,0,0,0,0,0,0,0,0,0,1,0,2092434,13,464487839302.227,2885843.6514831,,,,,,,,,,,,,,,,,,,,
4,9,6,1779778,6,CA,California,0,G4000,A,4.034832E+11,2.048464E+10,37.15518,-119.5434,4045,82,0,0,2,0,1,0,3,0,0,0,0,0,1,1,0,0,1,0,1,1,5,7,8,8,14,17,17,15,36,17,23,62,61,78,87,102,147,151,181,213,259,298,426,388,541,873,0,0,0,0,0,0,0,0,0,0,0,0,0,0,0,0,0,0,1,0,0,0,1,0,0,0,0,0,0,1,1,0,1,0,1,5,3,2,3,5,4,7,8,10,14,15,39148760,14,670540690055.531,5112356.29598968,,,,,,,,,,,,,,,,,,,,
1,2,34,1779795,34,NJ,New Jersey,0,G4000,A,1.904972E+10,3.542963E+09,40.10727,-74.6652,6876,81,0,0,0,0,0,0,0,0,0,0,0,0,0,0,0,0,0,0,0,0,0,0,0,1,1,2,0,2,5,4,8,8,19,20,41,68,71,160,329,151,437,587,930,831,727,2474,0,0,0,0,0,0,0,0,0,0,0,0,0,0,0,0,0,0,0,0,0,0,0,0,0,0,0,0,0,1,0,0,0,1,0,1,0,2,4,2,5,5,6,17,18,19,8881845,15,38838399266.25,1040978.62886005,,,,,,,,,,,,,,,,,,,,
2,3,55,1779806,55,WI,Wisconsin,0,G4000,A,1.402755E+11,2.935953E+10,44.63091,-89.70939,728,12,0,0,0,0,0,0,0,1,0,0,0,0,0,0,0,0,0,0,0,0,0,0,0,0,0,0,0,0,1,1,3,2,11,8,7,14,42,24,47,59,62,101,43,61,150,91,0,0,0,0,0,0,0,0,0,0,0,0,0,0,0,0,0,0,0,0,0,0,0,0,0,0,0,0,0,0,0,0,0,0,0,0,0,0,2,1,1,0,1,0,3,4,5778394,16,335483961679.563,2846128.11310604,,,,,,,,,,,,,,,,,,,,
4,9,41,1155107,41,OR,Oregon,0,G4000,A,2.486043E+11,6.195045E+09,43.97171,-120.623,317,11,0,0,0,0,0,0,0,0,0,0,0,0,0,0,0,0,0,0,1,0,1,1,0,0,0,0,4,7,0,1,6,9,2,4,3,11,16,8,13,26,24,24,30,23,52,51,0,0,0,0,0,0,0,0,0,0,0,0,0,0,0,0,0,0,0,0,0,0,0,0,0,0,0,0,0,0,0,0,0,1,0,1,1,0,0,1,0,1,0,3,2,1,4081943,17,491422296795.695,3176008.09757131,,,,,,,,,,,,,,,,,,,,
2,4,31,1779792,31,NE,Nebraska,0,G4000,A,1.98958E+11,1.370524E+09,41.5433,-99.81186,82,0,0,0,0,0,0,0,0,0,0,0,0,0,0,0,0,0,0,0,0,0,0,0,0,0,0,1,0,2,0,2,5,1,3,2,2,0,6,5,4,6,12,1,12,7,3,8,0,0,0,0,0,0,0,0,0,0,0,0,0,0,0,0,0,0,0,0,0,0,0,0,0,0,0,0,0,0,0,0,0,0,0,0,0,0,0,0,0,0,0,0,0,0,1904760,18,357956988390.895,2834662.04467595,,,,,,,,,,,,,,,,,,,,
1,2,42,1779798,42,PA,Pennsylvania,0,G4000,A,1.158815E+11,3.397554E+09,40.9025,-77.83345,1809,18,0,0,0,0,0,0,0,0,0,0,0,0,0,0,0,0,0,0,0,0,0,0,0,0,0,2,2,2,4,4,2,6,19,6,19,16,30,45,49,105,94,110,183,248,339,524,0,0,0,0,0,0,0,0,0,0,0,0,0,0,0,0,0,0,0,0,0,0,0,0,0,0,0,0,0,0,0,1,0,0,0,0,0,0,0,0,2,2,2,1,8,2,12791181,19,208801493487.285,2106263.04157709,,,,,,,,,,,,,,,,,,,,
4,9,53,1779804,53,WA,Washington,0,G4000,A,1.721118E+11,1.256007E+10,47.40732,-120.5758,3162,150,1,0,0,0,0,0,0,0,0,0,0,0,0,0,0,0,0,0,2,3,7,5,8,12,30,10,24,21,46,104,61,77,98,95,63,173,110,86,210,151,250,236,271,315,130,563,0,0,0,0,0,0,0,0,0,0,0,0,0,0,0,0,0,0,0,2,5,2,2,3,0,0,5,1,2,2,6,0,7,3,2,8,5,13,6,9,12,0,16,14,8,17,7294336,20,403343355876.969,2874900.60285108,,,,,,,,,,,,,,,,,,,,
3,7,22,1629543,22,LA,Louisiana,0,G4000,A,1.119048E+11,2.374641E+10,30.86344,-91.79871,2303,83,0,0,0,0,0,0,0,0,0,0,0,0,0,0,0,0,0,0,0,0,0,0,0,0,0,0,0,0,1,5,7,6,16,41,27,33,60,81,115,145,229,71,331,219,408,508,0,0,0,0,0,0,0,0,0,0,0,0,0,0,0,0,0,0,0,0,0,0,0,0,0,0,0,0,0,0,0,0,0,1,1,1,1,4,2,3,6,0,16,11,19,18,4663616,21,184990612230.168,2707989.76748206,,,,,,,,,,,,,,,,,,,,
3,5,13,1705317,13,GA,Georgia,0,G4000,A,1.491775E+11,4.733386E+09,32.62958,-83.42351,1642,49,0,0,0,0,0,0,0,0,0,0,0,0,0,0,0,0,0,0,0,0,0,2,0,0,0,1,5,4,5,4,12,8,0,33,36,12,23,57,86,194,64,78,178,289,280,271,0,0,0,0,0,0,0,0,0,0,0,0,0,0,0,0,0,0,0,0,0,0,0,0,0,0,0,0,0,0,1,0,0,0,0,0,0,3,6,4,6,5,1,14,9,0,10297484,22,218100784648.412,2156611.20053826,,,,,,,,,,,,,,,,,,,,
3,6,1,1779775,1,AL,Alabama,0,G4000,A,1.311744E+11,4.592945E+09,32.73963,-86.84346,535,2,0,0,0,0,0,0,0,0,0,0,0,0,0,0,0,0,0,0,0,0,0,0,0,0,0,0,0,0,0,0,0,0,5,7,10,7,10,13,26,28,25,26,39,46,192,101,0,0,0,0,0,0,0,0,0,0,0,0,0,0,0,0,0,0,0,0,0,0,0,0,0,0,0,0,0,0,0,0,0,0,0,0,0,0,0,0,0,0,0,0,1,1,4864680,23,192297465721.219,2028681.69655616,,,,,,,,,,,,,,,,,,,,
4,8,49,1455989,49,UT,Utah,0,G4000,A,2.128848E+11,7.0002E+09,39.33499,-111.6563,402,1,0,0,0,0,0,0,0,0,0,0,0,0,0,0,0,0,0,0,0,0,0,0,0,0,0,1,0,0,0,1,2,1,2,17,4,13,10,13,14,34,24,44,77,41,48,56,0,0,0,0,0,0,0,0,0,0,0,0,0,0,0,0,0,0,0,0,0,0,0,0,0,0,0,0,0,0,0,0,0,0,0,0,0,0,0,0,0,1,0,0,0,0,3045350,24,368464191385.891,2556414.92485165,,,,,,,,,,,,,,,,,,,,
2,3,39,1085497,39,OH,Ohio,0,G4000,A,1.058333E+11,1.026445E+10,40.41493,-82.712,870,15,0,0,0,0,0,0,0,0,0,0,0,0,0,0,0,0,0,0,0,0,0,0,0,0,0,0,0,0,3,0,1,1,8,15,9,13,17,22,31,52,78,106,87,123,139,165,0,0,0,0,0,0,0,0,0,0,0,0,0,0,0,0,0,0,0,0,0,0,0,0,0,0,0,0,0,0,0,0,0,0,0,0,0,0,1,1,1,0,3,2,3,4,11641879,25,200853087703.195,2045061.69505264,,,,,,,,,,,,,,,,,,,,
3,7,48,1779801,48,TX,Texas,0,G4000,A,6.766419E+11,1.901752E+10,31.4347,-99.28182,1665,24,0,0,0,0,0,0,0,0,0,0,0,0,0,0,0,0,0,0,0,0,0,0,0,1,4,4,0,3,1,8,2,9,19,13,13,19,38,94,93,117,127,112,135,222,330,301,0,0,0,0,0,0,0,0,0,0,0,0,0,0,0,0,0,0,0,0,0,0,0,0,0,0,0,0,0,0,0,0,0,0,1,0,1,1,1,1,0,3,1,4,5,6,27885195,26,961303248842.299,5775673.7609429,,,,,,,,,,,,,,,,,,,,
4,8,8,1779779,8,CO,Colorado,0,G4000,A,2.68426E+11,1.178496E+09,38.99385,-105.5083,1430,27,0,0,0,0,0,0,0,0,0,0,0,0,0,0,0,0,0,0,0,0,0,0,0,0,2,6,0,0,4,5,17,15,28,25,31,11,25,49,2,121,137,117,128,188,176,343,0,0,0,0,0,0,0,0,0,0,0,0,0,0,0,0,0,0,0,0,0,0,0,0,0,0,0,0,0,0,0,0,1,0,0,0,1,0,2,0,2,1,0,1,11,8,5531141,27,447339846502.941,2706665.22478353,,,,,,,,,,,,,,,,,,,,
3,5,45,1779799,45,SC,South Carolina,0,G4000,A,7.786273E+10,5.071382E+09,33.87418,-80.85426,456,8,0,0,0,0,0,0,0,0,0,0,0,0,0,0,0,0,0,0,0,0,0,0,0,0,0,2,0,5,0,2,1,2,1,6,9,7,13,13,20,45,46,21,104,43,84,32,0,0,0,0,0,0,0,0,0,0,0,0,0,0,0,0,0,0,0,0,0,0,0,0,0,0,0,0,0,0,0,0,0,0,0,1,0,0,0,1,0,0,2,2,0,2,4955925,28,120540893726.025,1586832.50828093,,,,,,,,,,,,,,,,,,,,
3,7,40,1102857,40,OK,Oklahoma,0,G4000,A,1.776644E+11,3.373087E+09,35.59005,-97.48682,248,7,0,0,0,0,0,0,0,0,0,0,0,0,0,0,0,0,0,0,0,0,0,0,0,0,0,1,0,0,0,1,0,1,1,0,3,3,7,12,15,5,4,14,14,25,58,84,0,0,0,0,0,0,0,0,0,0,0,0,0,0,0,0,0,0,0,0,0,0,0,0,0,0,0,0,0,0,0,0,0,0,0,0,0,0,1,0,0,1,0,1,3,1,3918137,29,274535047408.629,3058610.90715126,,,,,,,,,,,,,,,,,,,,
3,6,47,1325873,47,TN,Tennessee,0,G4000,A,1.06798E+11,2.354836E+09,35.85855,-86.34936,1098,3,0,0,0,0,0,0,0,0,0,0,0,0,0,0,0,0,0,0,0,0,0,0,0,0,1,0,0,2,1,3,2,9,9,5,7,13,26,20,56,103,112,129,88,194,136,182,0,0,0,0,0,0,0,0,0,0,0,0,0,0,0,0,0,0,0,0,0,0,0,0,0,0,0,0,0,0,0,0,0,0,0,0,0,0,0,1,0,1,0,0,1,0,6651089,30,165937915154.645,2467731.75908021,,,,,,,,,,,,,,,,,,,,
4,8,56,1779807,56,WY,Wyoming,0,G4000,A,2.514656E+11,1.860628E+09,42.9918,-107.5419,55,0,0,0,0,0,0,0,0,0,0,0,0,0,0,0,0,0,0,0,0,0,0,0,0,0,0,0,0,0,0,0,1,0,1,1,0,7,5,3,0,4,2,2,2,8,13,6,0,0,0,0,0,0,0,0,0,0,0,0,0,0,0,0,0,0,0,0,0,0,0,0,0,0,0,0,0,0,0,0,0,0,0,0,0,0,0,0,0,0,0,0,0,0,581836,31,474280589861.148,2775627.00957171,,,,,,,,,,,,,,,,,,,,
4,9,15,1779782,15,HI,Hawaii,0,G4000,A,1.663412E+10,1.177768E+10,22.01204,-159.706,106,0,0,0,0,0,0,0,0,0,0,0,0,0,0,0,0,0,0,0,0,0,0,0,0,0,0,1,0,1,0,0,0,0,2,2,1,3,5,2,10,11,11,8,21,11,6,11,0,0,0,0,0,0,0,0,0,0,0,0,0,0,0,0,0,0,0,0,0,0,0,0,0,0,0,0,0,0,0,0,0,0,0,0,0,0,0,0,0,0,0,0,0,0,1422029,32,31760407018.3281,2321500.64479304,,,,,,,,,,,,,,,,,,,,
2,4,38,1779797,38,ND,North Dakota,0,G4000,A,1.787104E+11,4.400397E+09,47.44217,-100.4608,58,0,0,0,0,0,0,0,0,0,0,0,0,0,0,0,0,0,0,0,0,0,0,0,0,0,0,0,0,0,0,0,1,0,0,0,0,0,4,2,12,7,2,2,2,4,9,13,0,0,0,0,0,0,0,0,0,0,0,0,0,0,0,0,0,0,0,0,0,0,0,0,0,0,0,0,0,0,0,0,0,0,0,0,0,0,0,0,0,0,0,0,0,0,752201,33,400481667855.633,2667442.92476046,,,,,,,,,,,,,,,,,,,,
3,6,21,1779786,21,KY,Kentucky,0,G4000,A,1.022661E+11,2.388732E+09,37.53368,-85.29298,248,5,0,0,0,0,0,0,0,0,0,0,0,0,0,0,0,0,0,0,0,0,0,0,0,0,0,1,0,3,2,2,0,3,3,4,3,4,1,3,19,16,23,16,21,39,35,50,0,0,0,0,0,0,0,0,0,0,0,0,0,0,0,0,0,0,0,0,0,0,0,0,0,0,0,0,0,0,0,0,0,0,0,1,0,0,1,0,1,0,1,0,1,0,4440204,34,166563207280.754,2534979.33119575,,,,,,,,,,,,,,,,,,,,
9,0,78,1802710,78,VI,United States Virgin Islands,0,G4000,A,3.480137E+08,1.550244E+09,18.32675,-64.97125,0,0,0,0,0,0,0,0,0,0,0,0,0,0,0,0,0,0,0,0,0,0,0,0,0,0,0,0,0,0,0,0,0,0,0,0,0,0,0,0,0,0,0,0,0,0,0,0,0,0,0,0,0,0,0,0,0,0,0,0,0,0,0,0,0,0,0,0,0,0,0,0,0,0,0,0,0,0,0,0,0,0,0,0,0,0,0,0,0,0,0,0,0,0,0,35,2007303179.91309,278392.313387596,,,,,,,,,,,,,,,,,,,,
9,0,69,1779809,69,MP,Commonwealth of the Northern Mariana Islands,0,G4000,A,4.722844E+08,4.644261E+09,14.93678,145.601,0,0,0,0,0,0,0,0,0,0,0,0,0,0,0,0,0,0,0,0,0,0,0,0,0,0,0,0,0,0,0,0,0,0,0,0,0,0,0,0,0,0,0,0,0,0,0,0,0,0,0,0,0,0,0,0,0,0,0,0,0,0,0,0,0,0,0,0,0,0,0,0,0,0,0,0,0,0,0,0,0,0,0,0,0,0,0,0,0,0,0,0,0,0,0,36,5175307232.76953,928576.32656422,,,,,,,,,,,,,,,,,,,,
9,0,66,1802705,66,GU,Guam,0,G4000,A,5.435583E+08,9.34335E+08,13.43829,144.7729,45,1,0,0,0,0,0,0,0,0,0,0,0,0,0,0,0,0,0,0,0,0,0,0,0,0,0,0,0,0,0,0,0,0,0,0,3,2,0,3,4,2,1,12,2,3,5,8,0,0,0,0,0,0,0,0,0,0,0,0,0,0,0,0,0,0,0,0,0,0,0,0,0,0,0,0,0,0,0,0,0,0,0,0,0,0,0,0,0,1,0,0,0,0,0,37,1493211730.90625,170691.008394966,,,,,,,,,,,,,,,,,,,,
1,1,23,1779787,23,ME,Maine,0,G4000,A,7.988581E+10,1.174817E+10,45.40928,-68.6666,155,0,0,0,0,0,0,0,0,0,0,0,0,0,0,0,0,0,0,0,0,0,0,0,0,0,0,0,0,0,0,0,0,1,1,3,6,5,12,7,4,17,13,16,21,12,24,13,0,0,0,0,0,0,0,0,0,0,0,0,0,0,0,0,0,0,0,0,0,0,0,0,0,0,0,0,0,0,0,0,0,0,0,0,0,0,0,0,0,0,0,0,0,0,1332813,38,184975122021.914,2282832.6025487,,,,,,,,,,,,,,,,,,,,
1,2,36,1779796,36,NY,New York,0,G4000,A,1.22049E+11,1.924715E+10,42.9134,-75.59628,39140,461,0,0,0,0,0,0,0,0,0,0,0,0,0,0,0,0,0,0,0,0,3,0,1,9,11,22,45,19,34,34,40,109,96,194,131,223,438,1147,3143,2831,3793,4570,4834,4662,6648,6103,0,0,0,0,0,0,0,0,0,0,0,0,0,0,0,0,0,0,0,0,0,0,0,0,0,0,0,0,0,0,0,0,0,2,4,4,6,1,17,22,19,73,36,86,96,95,19618453,39,263664138919.066,3114036.66315859,,,,,,,,,,,,,,,,,,,,
4,8,32,1779793,32,NV,Nevada,0,G4000,A,2.843293E+11,2.047351E+09,39.33109,-116.6152,443,10,0,0,0,0,0,0,0,0,0,0,0,0,0,0,0,0,0,0,0,0,0,0,0,0,1,1,0,2,0,0,3,4,9,1,5,19,10,31,7,63,3,26,78,43,9,128,0,0,0,0,0,0,0,0,0,0,0,0,0,0,0,0,0,0,0,0,0,0,0,0,0,0,0,0,0,0,0,0,0,0,0,1,0,0,0,1,0,0,2,2,4,0,2922849,40,481563145420.055,3023115.26460189,,,,,,,,,,,,,,,,,,,,
4,9,2,1785533,2,AK,Alaska,0,G4000,A,1.478588E+12,2.777239E+11,63.28132,-152.573,58,1,0,0,0,0,0,0,0,0,0,0,0,0,0,0,0,0,0,0,0,0,0,0,0,0,0,0,0,0,0,0,0,1,0,0,0,2,3,3,3,2,7,9,4,9,0,15,0,0,0,0,0,0,0,0,0,0,0,0,0,0,0,0,0,0,0,0,0,0,0,0,0,0,0,0,0,0,0,0,0,0,0,0,0,0,0,0,0,0,0,1,0,0,738516,41,9104759353965.13,33427651.9886332,,,,,,,,,,,,,,,,,,,,
9,0,60,1802701,60,AS,American Samoa,0,G4000,A,1.977591E+08,1.307244E+09,-14.26685,-170.6672,0,0,0,0,0,0,0,0,0,0,0,0,0,0,0,0,0,0,0,0,0,0,0,0,0,0,0,0,0,0,0,0,0,0,0,0,0,0,0,0,0,0,0,0,0,0,0,0,0,0,0,0,0,0,0,0,0,0,0,0,0,0,0,0,0,0,0,0,0,0,0,0,0,0,0,0,0,0,0,0,0,0,0,0,0,0,0,0,0,0,0,0,0,0,0,42,1390237158.96094,301919.310516575,,,,,,,,,,,,,,,,,,,,
2,3,26,1779789,26,MI,Michigan,0,G4000,A,1.464881E+11,1.039987E+11,44.84418,-85.66049,2856,61,0,0,0,0,0,0,0,0,0,0,0,0,0,0,0,0,0,0,0,0,0,0,0,0,0,0,0,0,0,2,0,10,13,8,20,5,10,51,205,229,256,229,291,463,503,561,0,0,0,0,0,0,0,0,0,0,0,0,0,0,0,0,0,0,0,0,0,0,0,0,0,0,0,0,0,0,0,0,0,0,0,0,0,1,2,1,4,1,9,6,19,18,9957488,43,499890352116.168,3645742.65210887,,,,,,,,,,,,,,,,,,,,
3,7,5,68085,5,AR,Arkansas,0,G4000,A,1.347681E+11,2.963632E+09,34.89553,-92.44463,349,2,0,0,0,0,0,0,0,0,0,0,0,0,0,0,0,0,0,0,0,0,0,0,0,0,0,0,0,0,0,0,1,5,3,3,4,6,0,24,13,34,22,50,24,36,76,48,0,0,0,0,0,0,0,0,0,0,0,0,0,0,0,0,0,0,0,0,0,0,0,0,0,0,0,0,0,0,0,0,0,0,0,0,0,0,0,0,0,0,0,2,0,0,2990671,44,205347331133.449,2475640.80714459,,,,,,,,,,,,,,,,,,,,
3,6,28,1779790,28,MS,Mississippi,0,G4000,A,1.215303E+11,3.930183E+09,32.68647,-89.65614,579,8,0,0,0,0,0,0,0,0,0,0,0,0,0,0,0,0,0,0,0,0,0,0,0,0,0,0,0,0,0,0,1,0,5,0,3,2,9,13,19,27,61,66,42,127,109,95,0,0,0,0,0,0,0,0,0,0,0,0,0,0,0,0,0,0,0,0,0,0,0,0,0,0,0,0,0,0,0,0,0,0,1,0,0,0,0,0,0,0,0,1,3,3,2988762,45,177783076798.18,2621077.78245298,,,,,,,,,,,,,,,,,,,,
2,4,29,1779791,29,MO,Missouri,0,G4000,A,1.78052E+11,2.48819E+09,38.35075,-92.45678,524,9,0,0,0,0,0,0,0,0,0,0,0,0,0,0,0,0,0,0,0,0,0,0,0,0,0,0,1,0,0,0,0,1,2,1,0,4,7,6,18,25,33,48,61,61,114,142,0,0,0,0,0,0,0,0,0,0,0,0,0,0,0,0,0,0,0,0,0,0,0,0,0,0,0,0,0,0,0,0,0,0,0,0,1,0,0,2,0,0,3,2,0,1,6090062,46,294102597566.039,2892232.13907989,,,,,,,,,,,,,,,,,,,,
4,8,30,767982,30,MT,Montana,0,G4000,A,3.769609E+11,3.871059E+09,47.05118,-109.6348,89,1,0,0,0,0,0,0,0,0,0,0,0,0,0,0,0,0,0,0,0,0,0,0,0,0,0,0,0,0,0,0,0,0,4,2,0,2,1,1,4,7,8,4,12,5,16,23,0,0,0,0,0,0,0,0,0,0,0,0,0,0,0,0,0,0,0,0,0,0,0,0,0,0,0,0,0,0,0,0,0,0,0,0,0,0,0,0,0,0,0,0,0,1,1041732,47,820491196482.195,4327453.26254954,,,,,,,,,,,,,,,,,,,,
2,4,20,481813,20,KS,Kansas,0,G4000,A,2.117532E+11,1.346326E+09,38.49855,-98.38343,172,3,0,0,0,0,0,0,0,0,0,0,0,0,0,0,0,0,0,0,0,0,0,0,0,0,0,0,1,0,0,0,0,4,1,2,1,2,6,4,15,11,9,11,13,22,35,35,0,0,0,0,0,0,0,0,0,0,0,0,0,0,0,0,0,0,0,0,0,0,0,0,0,0,0,0,0,0,0,1,0,0,0,0,0,0,0,0,1,0,0,0,1,0,2908776,48,349169376041.34,2539527.65910379,,,,,,,,,,,,,,,,,,,,
2,3,18,448508,18,IN,Indiana,0,G4000,A,9.278776E+10,1.539542E+09,39.90303,-86.28395,658,19,0,0,0,0,0,0,0,0,0,0,0,0,0,0,0,0,0,0,0,0,0,0,0,0,0,1,0,3,1,1,6,0,0,3,5,6,4,9,40,5,41,77,13,152,111,180,0,0,0,0,0,0,0,0,0,0,0,0,0,0,0,0,0,0,0,0,0,0,0,0,0,0,0,0,0,0,0,0,0,0,0,1,1,0,0,2,0,3,0,6,4,2,6637426,49,160373917978.082,2071643.10394592,,,,,,,,,,,,,,,,,,,,
9,0,72,1779808,72,PR,Puerto Rico,0,G4000,A,8.868735E+09,4.922544E+09,18.21765,-66.4108,64,2,0,0,0,0,0,0,0,0,0,0,0,0,0,0,0,0,0,0,0,0,0,0,0,0,0,0,0,0,0,0,0,0,3,1,1,0,0,1,0,8,7,2,8,8,12,13,0,0,0,0,0,0,0,0,0,0,0,0,0,0,0,0,0,0,0,0,0,0,0,0,0,0,0,0,0,0,0,0,0,0,0,0,0,0,0,0,1,0,1,0,0,0,3386941,50,15050599998.0098,801839.102434485,,,,,,,,,,,,,,,,,,,,
2,4,46,1785534,46,SD,South Dakota,0,G4000,A,1.963452E+11,3.384472E+09,44.4468,-100.2382,46,1,0,0,0,0,0,0,0,0,0,0,0,0,0,0,0,0,0,0,0,0,0,0,0,0,0,0,0,0,0,5,3,0,1,0,0,1,1,0,3,0,0,7,7,2,11,5,0,0,0,0,0,0,0,0,0,0,0,0,0,0,0,0,0,0,0,0,0,0,0,0,0,0,0,0,0,1,0,0,0,0,0,0,0,0,0,0,0,0,0,0,0,0,864289,51,391704234244.098,2827128.13813636,,,,,,,,,,,,,,,,,,,,
1,1,25,606926,25,MA,Massachusetts,0,G4000,A,2.020429E+10,7.130763E+09,42.15652,-71.48959,2417,25,0,0,0,0,0,1,0,0,0,0,0,0,0,0,0,0,0,0,0,0,0,1,0,0,2,4,5,19,9,51,3,13,15,15,24,29,27,38,72,79,116,123,131,382,679,579,0,0,0,0,0,0,0,0,0,0,0,0,0,0,0,0,0,0,0,0,0,0,0,0,0,0,0,0,0,0,0,0,0,0,0,0,0,0,0,1,1,3,4,2,4,10,6830193,52,49611372418.625,1440017.24033535,,,,,,,,,,,,,,,,,,,,
3,5,51,1779803,51,VA,Virginia,0,G4000,A,1.022542E+11,8.532013E+09,37.52225,-78.66819,470,14,0,0,0,0,0,0,0,0,0,0,0,0,0,0,0,0,0,0,0,0,0,0,0,0,0,0,1,2,2,3,3,7,12,11,4,8,14,11,24,23,35,64,33,47,94,72,0,0,0,0,0,0,0,0,0,0,0,0,0,0,0,0,0,0,0,0,0,0,0,0,0,0,0,0,0,0,0,0,0,1,0,1,0,0,0,0,1,3,1,2,4,1,8413774,53,175888830993.23,2732027.83460026,,,,,,,,,,,,,,,,,,,,
3,5,11,1702382,11,DC,District of Columbia,0,G4000,A,1.583516E+08,1.867596E+07,38.9041,-77.01723,267,3,0,0,0,0,0,0,0,0,0,0,0,0,0,0,0,0,0,0,0,0,0,0,0,0,0,0,1,0,3,0,6,0,0,6,1,5,9,9,31,6,21,22,21,46,44,36,0,0,0,0,0,0,0,0,0,0,0,0,0,0,0,0,0,0,0,0,0,0,0,0,0,0,0,0,0,0,0,0,0,0,0,0,0,0,0,1,0,1,0,0,1,0,684498,54,291717696.082031,77655.8262123853,,,,,,,,,,,,,,,,,,,,
2,4,19,1779785,19,IA,Iowa,0,G4000,A,1.446642E+11,1.081294E+09,42.07002,-93.49335,180,3,0,0,0,0,0,0,0,0,0,0,0,0,0,0,0,0,0,0,0,0,0,0,0,0,0,0,0,3,5,5,1,2,1,1,4,1,6,9,6,1,25,20,15,17,25,33,0,0,0,0,0,0,0,0,0,0,0,0,0,0,0,0,0,0,0,0,0,0,0,0,0,0,0,0,0,0,0,0,0,0,0,0,0,0,0,0,0,0,0,1,0,2,3132499,55,264596937021.516,2326028.10164735,,,,,,,,,,,,,,,,,,,,
4,8,4,1779777,4,AZ,Arizona,0,G4000,A,2.941987E+11,1.027245E+09,34.20393,-111.6064,508,8,0,0,1,0,0,0,0,0,0,0,0,0,0,0,0,0,0,0,0,0,0,0,1,0,0,1,2,0,1,0,3,0,2,1,1,4,4,8,24,15,36,48,83,91,77,105,0,0,0,0,0,0,0,0,0,0,0,0,0,0,0,0,0,0,0,0,0,0,0,0,0,0,0,0,0,0,0,0,0,0,0,0,0,0,0,1,0,1,1,3,0,2,6946685,56,434216219980.957,2813567.81222267,,,,,,,,,,,,,,,,,,,,
